{"accuracy": 0.8611111111111112, "f1_macro": 0.8594086021505376}